name,x,y
MW-1,1520.625,930.5833333
MW-2,1146.546296,1759.726852
MW-3,521.7962963,764.7546296
MW-4,1107.981481,730.0462963
MW-5,872.7361111,332.8287037
MW-6,872.7361111,1142.689815
MW-7,1628.606481,1354.796296
MW-8,1582.328704,672.1990741
